CODE,NAME,SCIENTIFIC_NAME,TYPE_CODE,CAS_REGISTRY_NUM,CFR_SECTION_REF_CD,REPORTABLE_STR_DAT,REPORTABLE_END_DAT,STATE_CLASS_CODE
0100,TURBIDITY,,WQ,,141.13,,,WQP
0200,SWTR,,RL,,,,,
0300,IESWTR,,RL,,,,,
0400,DBP STAGE 1,,RL,,,,,
0500,FILTER BACKWASH RULE,,RL,,,,,
0600,DBP STAGE 2,,RL,,,,,
0700,GROUNDWATER RULE,,RL,,,,,
0800,LT2ESWTR,,RL,,,,,
0999,CHLORINE,,WQ,,,,,WQP
1***,ALL NIPDWR INORGANIC CONTAMINANTS,,GC,,,,,
1000,TOTAL CHLORINE,"CHLORAMIDE, CHLORAMINE",WQ,7782-50-5,,,,WQP
1001,COMBINED CHLORINE,,WQ,7782-50-5,,,,WQP
1002,ALUMINUM,,IOC,7429-90-5,,,,IOC
1003,NITROGEN-AMMONIA AS (N),,IOC,7727-37-9,,,,IOC
1004,BROMIDE,,IOC,24959-67-9,,,,IOC
1005,ARSENIC,,IOC,7440-38-2,141.62,,,IOC
1006,CHLORAMINE,,WQ,10599-90-3,,,,WQP
1007,CHLORATE,,IOC,14866-68-3,,,,IOC
1008,CHLORINE DIOXIDE,,WQ,10049-04-4,,,,WQP
1009,CHLORITE,,IOC,14998-27-7,,,,IOC
1010,BARIUM,,IOC,7440-39-3,141.62,,,IOC
1011,BROMATE,,IOC,15541-45-4,,,,IOC
1012,RESIDUAL CHLORINE,,WQ,7782-50-5,,,,WQP
1013,FREE RESIDUAL CHLORINE,,WQ,7782-50-5,,,,WQP
1014,OZONE RESIDUAL,,WQ,10028-15-6,,,,WQP
1015,CADMIUM,,IOC,7440-43-9,141.62,,,IOC
1016,CALCIUM,,IOC,7440-70-2,,,,IOC
1017,CHLORIDE,,IOC,16887-00-6,,,,IOC
1018,"CARBON, TOTAL",,IOC,,,,,IOC
1019,CALCIUM,,WQ,,,,,WQP
1020,CHROMIUM,,IOC,7440-47-3,141.62,,,IOC
1021,HYDROXIDE AS CALCIUM CARBONATE,,WQ,14280-30-9,,,,WQP
1022,"COPPER, FREE",,IOC,7440-50-8,141.80.c,,,LC
1024,CYANIDE,,IOC,57-12-5,141.62,1/30/1991,12/31/1992,CYA
1025,FLUORIDE,,IOC,16984-48-8,141.62,,,FLU
1026,BICARBONATE AS HCO3,,WQ,71-52-3,,,,WQP
1027,HYDROGEN SULFIDE,,WQ,7783-06-4,,,,WQP
1028,IRON,,IOC,7439-89-6,,,,IOC
1029,"IRON, SUSPENDED",,IOC,7439-89-6,,,,IOC
1030,LEAD,,IOC,7439-92-1,141.80.c,,,LC
1031,MAGNESIUM,,IOC,7439-95-4,,,,IOC
1032,MANGANESE,,IOC,7439-96-5,,,,IOC
1033,"MANGANESE, SUSPENDED",,IOC,7439-96-5,,,,IOC
1034,"MANGANESE, DISSOLVED",,IOC,,,,,IOC
1035,MERCURY,,IOC,7439-97-6,141.62,,,IOC
1036,NICKEL,,IOC,7440-02-0,141.62,1/30/1991,12/31/1992,IOC
1037,TOTAL KJELDAHL NITROGEN (IN WATER MG/L),,IOC,7727-37-9,,,,IOC
1038,NITRATE-NITRITE,,IOC,,141.62,,,NIT
1039,PERCHLORATE,PERCHLORATE ION,OC,,,,,
1040,NITRATE,,IOC,14797-55-8,141.62,,,NIT
1041,NITRITE,,IOC,14797-65-0,141.62,,,IOC
1042,POTASSIUM,,IOC,7440-09-7,,,,IOC
1043,"PHOSPHATE, TOTAL",,IOC,14265-44-2,,,,IOC
1044,ORTHOPHOSPHATE,,WQ,14265-44-2,,,,WQP
1045,SELENIUM,,IOC,7782-49-2,141.62,,,IOC
1046,PERCENT SODIUM,,WQ,7440-23-5,,,,WQP
1047,SODIUM ADSORPTION RATIO,,WQ,,,,,WQP
1048,TOTAL HARDNESS (GR/GAL)D,,WQ,,,,,WQP
1049,SILICA,,IOC,7631-86-9,,,,IOC
1050,SILVER,,IOC,7440-22-4,,,,IOC
1051,STRONTIUM,,RA,7440-24-6,,,,RAD
1052,SODIUM,,IOC,7440-23-5,,,,IOC
1055,SULFATE,,IOC,14808-79-8,141.40.n,1/30/1991,,IOC
1056,"RESIDUE, NON FILTERABLE (TSS)",,IOC,,,,,IOC
1057,"RESIDUE, TOTAL, FILTERABLE",,WQ,,,,,WQP
1058,"RESIDUE, FILTERABLE-VOLATILE",,WQ,,,,,WQP
1059,"RESIDUE, FILTERABLE-FIXED",,WQ,,,,,WQP
1060,"RESIDUE, TOTAL-VOLATILE",,WQ,,,,,WQP
1061,"RESIDUE, TOTAL-FIXED",,WQ,,,,,WQP
1062,TOT EXTRACTABLE HYDROCARBONS-DIESEL OIL,,OC,68334-30-5,,,,
1063,"RESIDUE, NONFILTERABLE-FIXED",,WQ,,,,,WQP
1064,CONDUCTIVITY @ 25 C UMHOS/CM,,WQ,,,,,WQP
1065,TOT EXTRACTABLE HYDROCARBONS-WASTE OIL,,OC,,,,,
1066,"PH, CACO3 STABILITY S.U.",,WQ,,,,,WQP
1067,"ALKALINITY, CACO3 STABILITY",,WQ,,,,,WQP
1068,"ACIDITY, TOTAL (CACO3)",,WQ,,,,,WQP
1069,"ACIDITY, M.O. (CACO3)",,WQ,,,,,WQP
1070,"RESIDUE, TOTAL",,WQ,,,,,WQP
1071,"RESIDUE, SETTLEABLE (BY WEIGHT)",,WQ,,,,,WQP
1072,"PHOSPHORUS, SOLUBLE",,IOC,7723-14-0,,,,IOC
1073,"PHOSPHATE, REACTIVE",,IOC,14265-44-2,,,,IOC
1074,"ANTIMONY, TOTAL",,IOC,7440-36-0,141.62,1/30/1991,12/31/1992,IOC
1075,"BERYLLIUM, TOTAL",,IOC,7440-41-7,141.62,1/30/1991,12/31/1992,IOC
1076,COD MG/L,,WQ,,,,,WQP
1077,"RESIDUE, NONFILTERABLE, VOLATILE",,WQ,,,,,WQP
1078,"BISMUTH, TOTAL",,IOC,7440-69-9,,,,IOC
1079,"BORON, TOTAL",,IOC,7440-42-8,,,,IOC
1080,"CHROMIUM, HEX",,IOC,18540-29-9,,,,IOC
1081,"COBALT, TOTAL",,IOC,7440-48-4,,,,IOC
1082,"IRON, DISSOLVED",,IOC,7439-89-6,,,,IOC
1083,"LITHIUM, TOTAL",,IOC,7439-93-2,,,,IOC
1084,"MOLYBDENUM, TOTAL",,IOC,7439-98-7,,,,IOC
1085,"THALLIUM, TOTAL",,IOC,7440-28-0,141.62,1/30/1991,12/31/1992,IOC
1086,"TIN, TOTAL",,IOC,7440-31-5,,,,IOC
1087,"TITANIUM, TOTAL",,IOC,7440-32-6,,,,IOC
1088,"VANADIUM, TOTAL",,RA,7440-62-2,,,,RAD
1089,MBAS - FOAMING AGENTS (SURFACTANTS),,WQ,,,,,WQP
1090,"OIL-GREASE, TOTAL",,OC,,,,,
1091,"BOD, 5-DAY, MG/L",,WQ,,,,,WQP
1092,TOD MG/L,,WQ,,,,,WQP
1093,"PHOSPHORUS, TOTAL",,IOC,7723-14-0,,,,IOC
1094,ASBESTOS,,IOC,1332-21-4,141.62,,,IOC
1095,ZINC,,IOC,7440-66-6,,,,IOC
1096,OZONE,,WQ,,,,,WQP
1901,CARBON DIOXIDE,,WQ,124-38-9,,,,WQP
1902,CARBON DISULFIDE,DITHIOCARBONIC ANHYDRIDE,OC,75-15-0,,,,
1905,COLOR,,WQ,,,,,WQP
1910,CORROSIVITY,,WQ,,,,,WQP
1914,CALCIUM HARDNESS,,WQ,,,,,WQP
1915,"HARDNESS, TOTAL (AS CAC03)",,WQ,,,,,WQP
1916,"HARDNESS, CARBONATE",,WQ,,,,,WQP
1917,"HARDNESS, NONCARBONATE",,WQ,,,,,WQP
1918,"HARDNESS, CALCIUM MAGNESIUM",,WQ,,,,,WQP
1919,CALCIUM,,WQ,7440-70-2,,,,WQP
1920,ODOR,,WQ,,,,,WQP
1925,PH,,WQ,,,,,WQP
1927,"ALKALINITY, TOTAL",,WQ,,,,,WQP
1928,"ALKALINITY, BICARBONATE",,WQ,,,,,WQP
1929,"ALKALINITY, CARBONATE",,WQ,,,,,WQP
1930,TDS,,WQ,,,,,WQP
1931,"ALKALINITY, PHENOLPHTHALEIN",,WQ,,,,,WQP
1993,STABILITY INDEX,,WQ,,,,,WQP
1994,AGGRESSIVE INDEX,,WQ,,,,,WQP
1995,SCALE FORMING,,WQ,,,,,WQP
1996,TEMPERATURE (CENTIGRADE),,WQ,,,,,WQP
1997,LANGELIER INDEX (PH(S)),,WQ,,,,,WQP
1998,SATURATION INDEX,,WQ,,,,,WQP
1999,NOTE:  (RESERVED BY MSIS),,OT,,,,,
2***,ALL NIPDWR ORGANIC CONTAMINANTS,,GC,,,,,
2004,ALACHLOR ESA,,OC,15972-60-8,,,,SOC
2005,ENDRIN,,OC,72-20-8,141.61.c,,,SOC
2006,DESETHYLATRAZINE,,OC,6190-65-4,,,,SOC
2007,DES-ISOPROPYL-ATRAZINE,,OC,1007-28-9,,,,SOC
2010,BHC-GAMMA,BHC-GAMMA,OC,58-89-9,141.61.c,,,SOC
2015,METHOXYCHLOR,,OC,72-43-5,141.61.c,,,SOC
2020,TOXAPHENE,,OC,8001-35-2,141.61.c,,,SOC
2021,CARBARYL,,OC,63-25-2,141.40.n,1/30/1991,,SOC
2022,METHOMYL,,OC,16752-77-5,141.40.n,1/30/1991,,SOC
2023,BAYGON,,OC,114-26-1,,,,SOC
2024,METHIOCARB,,OC,2032-65-7,,,,SOC
2027,ACETOCHLOR,,OC,34256-82-1,,,,SOC
2028,PARAQUAT,,OC,4685-14-7,,,,SOC
2029,PROMETON,P-CYMENE,OC,1610-18-0,,,,SOC
2030,P-ISOPROPYLTOLUENE,P-ISOPROPYLMETHYLBENZENE,OC,99-87-6,141.40.j,1/1/1988,,SOC
2031,DALAPON,,OC,75-99-0,141.61.c,1/30/1991,12/31/1992,SOC
2032,DIQUAT,,OC,2764-72-9,141.61.c,1/30/1991,12/31/1992,SOC
2033,ENDOTHALL,,OC,145-73-3,141.61.c,1/30/1991,12/31/1992,SOC
2034,GLYPHOSATE,,OC,1071-83-6,141.61.c,1/30/1991,12/31/1992,SOC
2035,DI(2-ETHYLHEXYL) ADIPATE,BIS(2-ETHYLHEXYL) ADIPATE,OC,103-23-1,141.61.c,1/30/1991,12/31/1992,SOC
2036,OXAMYL,,OC,23135-22-0,141.61.c,1/30/1991,12/31/1992,SOC
2037,SIMAZINE,,OC,122-34-9,141.61.c,1/30/1991,12/31/1992,SOC
2038,PAH'S,,OC,130498-29-2,,,,SOC
2039,DI(2-ETHYLHEXYL) PHTHALATE,BIS(2-ETHYLHEXYL) PHTHALATE,OC,117-81-7,141.61.c,1/30/1991,12/31/1992,SOC
2040,PICLORAM,,OC,1918-02-1,141.61.c,1/30/1991,12/31/1992,SOC
2041,DINOSEB,,OC,88-85-7,141.61.c,1/30/1991,12/31/1992,SOC
2042,HEXACHLOROCYCLOPENTADIENE,,OC,77-47-4,141.61.c,1/30/1991,12/31/1992,SOC
2043,ALDICARB SULFOXIDE,,OC,1646-87-3,141.61.c,5/27/1992,,SOC
2044,ALDICARB SULFONE,,OC,1646-88-4,141.61.c,5/27/1992,,SOC
2045,METOLACHLOR,,OC,51218-45-2,141.40.n,1/30/1991,,SOC
2046,CARBOFURAN,,OC,1563-66-2,141.61.c,,,SOC
2047,ALDICARB,,OC,116-06-3,141.61.c,5/27/1992,,SOC
2048,HYPOCHLORITE ION,,OC,14380-61-1,,,,SOC
2049,"1,4-DIOXANE",,OC,123-91-1,,,,SOC
2050,ATRAZINE,,OC,1912-24-9,141.61.c,,,SOC
2051,LASSO,LASSO,OC,15972-60-8,141.61.c,,,SOC
2052,EPTC,EPTAM,OC,759-94-4,,,,SOC
2053,SUTAN,SUTAN,OC,2008-41-5,,,,SOC
2054,CYANAZINE,BLADEX,OC,21725-46-2,,,,SOC
2055,TRIFLURALIN,,OC,1582-09-8,,,,SOC
2056,SPECTRACIDE,SPECTRACIDE,OC,333-41-5,,,,SOC
2057,CHLOROPYRIFOS,LORSBAN,OC,2921-88-2,,,,SOC
2058,MALATHION,,OC,121-75-5,,,,SOC
2059,GUTHION,GUTHION,OC,86-50-0,,,,SOC
2060,ISOFENPHOS,OLFANOL,OC,25311-71-1,,,,SOC
2061,TRITHION,,OC,786-19-6,,,,SOC
2062,ETHION,ETHYLENE THIOUREA,OC,563-12-2,,,,SOC
2063,"2,3,7,8-TCDD",,OC,1746-01-6,141.61.c,1/30/1991,12/31/1992,SOC
2064,PARATHION (ETHYL),ETHYL PARATHION,OC,56-38-2,,,,SOC
2065,HEPTACHLOR,,OC,76-44-8,141.61.c,,,SOC
2066,3-HYDROXYCARBOFURAN,,OC,16655-82-6,141.40.n,1/30/1991,,SOC
2067,HEPTACHLOR EPOXIDE,,OC,1024-57-3,141.61.c,,,SOC
2068,ENDOSULFAN I,,OC,959-98-8,,,,SOC
2069,PARA-PARA DDE,,OC,72-55-9,,,,SOC
2070,DIELDRIN,,OC,60-57-1,141.40.n,1/30/1991,,SOC
2071,PARA-PARA DDD,,OC,72-54-8,,,,SOC
2072,ENDOSULFAN II,,OC,33213-65-9,,,,SOC
2073,PHOSDRIN,,OC,7786-34-7,,,,SOC
2074,ENDOSULFAN SULFATE,,OC,1031-07-8,,,,SOC
2075,PARA-PARA DDT,,OC,50-29-3,,,,SOC
2076,BUTACHLOR,,OC,23184-66-9,141.40.n,1/30/1991,,SOC
2077,PROPACHLOR,,OC,1918-16-7,141.40.n,1/30/1991,,SOC
2078,CRYPTOSPORIDIUM,,MOR,,,,,MOR
2079,DIBROMOACETONITRILE,,OC,3252-43-5,,,,SOC
2080,CYANOGEN CHLORIDE,,OC,506-77-4,,,,SOC
2081,AMYL ACETATE,,OC,628-63-7,,,,SOC
2082,BUTANE,,OC,106-97-8,,,,SOC
2083,BUTYL ACETATE,,OC,123-86-4,,,,SOC
2084,N-BUTYL ALCOHOL,BUTANOL,OC,71-36-3,,,,SOC
2085,SEC-BUTYL ALCOHOL,,OC,78-92-2,,,,SOC
2086,1-CHLOROBUTANE,,OC,109-69-3,,,,SOC
2087,1-CHLOROHEXANE,,OC,544-10-5,,,,SOC
2088,ETHYL ACETATE,,OC,141-78-6,,,,SOC
2089,ETHYL ALCOHOL,,OC,64-17-5,,,,SOC
2090,ETHYL ETHER,,OC,60-29-7,,,,SOC
2091,ISO-OCTANE,"2,2,4-TRIMETHYL-PENTANE",OC,26635-64-3,,,,SOC
2092,ISOBUTYL ACETATE,2-METHYLPROPYL ESTER ACETIC ACID,OC,110-19-0,,,,SOC
2093,ISOBUTYL ALCOHOL,2-METHYL-1-PROPYL ALCOHOL,OC,78-83-1,,,,SOC
2094,ISOPROPYL ACETATE,1-METHYL-ETHYL ESTER ACETIC ACID,OC,108-21-4,,,,SOC
2095,ISOPROPYL ALCOHOL,,OC,67-63-0,,,,SOC
2096,RDX,CYCLONITE,OC,,,,,SOC
2097,AMINOMETHYLPHOSPHONIC ACID,,OC,1066-51-9,,,,SOC
2098,BROMACIL,,OC,314-40-9,,,,SOC
2099,DCPA,DIMETHYL TETRACHLOROETHER PHTHALATE,OC,1861-32-1,,,,SOC
2100,DCPA MONO ACID DEGRADATE,,OC,887-54-7,,,,SOC
2101,DCPA DI ACID DEGRADATE,,OC,2136-79-0,,,,SOC
2102,DISULFOTON,THIODEMETON,OC,298-04-4,,,,SOC
2103,DIURON,DMU,OC,330-54-1,,,,SOC
2105,"2,4-D",,OC,94-75-7,141.61.c,,,SOC
2106,"2,4-DB",,OC,94-82-6,,,,SOC
2107,TRICLOPYR,,OC,55335-06-3,,,,SOC
2108,DCPA MONO/DI-ACID DEGRADATES,,OC,,,,,SOC
2109,"3,4-DICHLOROBENZOIC ACID",,OC,,,,,SOC
2110,"2,4,5-TP",,OC,93-72-1,141.61.c,,,SOC
2111,"2,4,5-T",,OC,93-76-5,,,,SOC
2112,MECOPROP,,OC,93-65-2,,,,SOC
2113,MCPA,2-METHYL-4-CHLOROPHENOXYACETIC ACID,OC,94-74-6,,,,SOC
2114,"PERMETHRIN (MIXED, CIS, TRANS)",,OC,52645-53-1,,,,
2200,2-NITROANILINE,,OC,88-74-4,,,,VOC
2201,3-NITROANILINE,,OC,99-09-2,,,,VOC
2202,DIBENZOFURAN,,OC,132-64-9,,,,VOC
2203,4-NITROANILINE,,OC,100-01-6,,,,VOC
2204,AZOBENZENE,,OC,103-33-3,,,,VOC
2205,CHLORAMBEN,,OC,133-90-4,,,,VOC
2206,DICHLORPROP,,OC,120-36-5,,,,VOC
2207,BENFLURALIN,,OC,1861-40-1,,,,VOC
2209,BROMOXYNIL,,OC,1689-84-5,,,,DBP
2210,CHLOROMETHANE,METHYL CHLORIDE,OC,74-87-3,141.40.e,1/1/1988,,DBP
2212,DICHLORODIFLUOROMETHANE,ARCTON,OC,75-71-8,141.40.j,1/1/1988,,DBP
2213,CHLOROTHALONIL,,OC,1897-45-6,,,,VOC
2214,BROMOMETHANE,METHYL BROMIDE,OC,74-83-9,141.40.e,1/1/1988,,DBP
2215,CHLOROPYRIFOS,,OC,2921-88-2,,,,VOC
2216,CHLOROETHANE,HYDROCHLORIC ETHER,OC,75-00-3,141.40.e,1/1/1988,,VOC
2217,CHLORSULFURON,,OC,64902-72-3,,,,VOC
2218,TRICHLOROFLUOROMETHANE,FLUOROTRICHLOROMETHANE,OC,75-69-4,141.40.j,1/1/1988,,DBP
2219,TRICHLOROACETONITRILE,,OC,545-06-2,,,,DBP
2220,DICHROTOPHOS,,OC,298-03-3,,,,VOC
2221,DIMETHOATE,,OC,60-51-5,,,,VOC
2222,BIS(2-CHLOROETHYL) ETHER,,OC,111-44-4,,,,VOC
2223,DI-N-OCTYL PHTHALATE,,OC,117-84-0,,,,VOC
2224,"TRANS-1,3-DICHLOROPROPENE",,OC,10061-02-6,,,,VOC
2225,HEXACHLOROETHANE,,OC,67-72-1,,,,VOC
2226,"TRANS-1,2-DICHLOROPROPENE",,OC,7069-38-7,,,,VOC
2227,"2-METHYL-4,6-DINITROPHENOL",,OC,534-52-1,,,,VOC
2228,"CIS-1,3-DICHLOROPROPENE",,OC,10061-01-5,,,,VOC
2229,N-NITROSODIPHENYLAMINE,,OC,86-30-6,,,,VOC
2230,ANILINE,,OC,62-53-3,,,,VOC
2231,BENZYL ALCOHOL,,OC,100-51-6,,,,VOC
2232,"1,2-DIBROMOETHYLENE",,OC,540-49-8,,,,VOC
2233,2-METHYLPHENOL,,OC,95-48-7,,,,VOC
2234,2-CHLOROETHYL VINYL ETHER,,OC,110-75-8,,,,VOC
2235,4-METHYLPHENOL,,OC,106-44-5,,,,VOC
2236,DIIODOMETHANE,IODOMETHANE = 74-88-4,OC,75-11-6,141.40.j,,,VOC
2237,BENZOIC ACID,,OC,65-85-0,,,,VOC
2238,ACROLEIN,,OC,107-02-8,,,,VOC
2239,4-CHLOROANILINE,,OC,106-47-8,,,,VOC
2240,ACRYLONITRILE,,OC,107-13-1,,,,VOC
2241,2-METHYLNAPHTHALENE,,OC,91-57-6,,,,VOC
2242,"2,4,5-TRICHLOROPHENOL",,OC,95-95-4,,,,VOC
2243,ACETONE,,OC,67-64-1,,,,VOC
2244,BIS(2-CHLOROISOPROPYL) ETHER,,OC,39638-32-9,,,,VOC
2245,ISOPROPYL ETHER,"2,2'-OXY-BIS-PROPANE",OC,108-20-3,,,,VOC
2246,HEXACHLOROBUTADIENE,"1,1,2,3,4,4-HEXACHLORO-1,3-BUTADINE",OC,87-68-3,141.40.j,1/1/1988,,VOC
2247,METHYL ETHYL KETONE,2-BUTANOL,OC,78-93-3,,,,VOC
2248,NAPHTHALENE,"NAPHTHENE, NAPHTHALIN, TAR CAMPHOR",OC,91-20-3,141.40.j,1/1/1988,,VOC
2249,METHYL ISOBUTYL KETONE,"4-METHYL, 2- PENTANONE",OC,108-10-1,,,,VOC
2250,BIS(2-CHLOROETHOXY)METHANE,,OC,111-91-1,,,,VOC
2251,METHYL TERT-BUTYL ETHER,"2-METHOXY-2,METHYL PROPANE",OC,1634-04-4,,,,VOC
2252,ETHALFLURALIN,,OC,55283-68-6,,,,VOC
2253,DEMETON METHYL,,OC,8022-00-2,,,,VOC
2254,NITROBENZENE,,OC,98-95-3,,,,VOC
2255,PENDIMETHALIN,,OC,40487-42-1,,,,VOC
2256,PROPAZINE,,OC,139-40-2,,,,VOC
2257,EPICHLOROHYDRIN,,OC,106-89-8,,,,VOC
2258,2-CHLORONAPHTHALENE,,OC,91-58-7,,,,VOC
2259,1-NAPHTHOL,,OC,90-15-3,,,,VOC
2260,ACENAPHTHYLENE,,OC,208-96-8,,,,VOC
2261,ACENAPHTHENE,,OC,83-32-9,,,,VOC
2262,ISOPHORONE,,OC,78-59-1,,,,VOC
2263,TETRAHYDROFURAN,,OC,109-99-9,,,,VOC
2264,FLUORENE,,OC,86-73-7,,,,VOC
2265,ACRYLAMIDE,,OC,79-06-1,,,,VOC
2266,"2,6-DINITROTOLUENE",,OC,606-20-2,,,,VOC
2267,PROPHOS,,OC,122-42-9,,,,VOC
2268,"1,2-DIPHENYLHYDRAZINE",,OC,122-66-7,,,,VOC
2269,2-HEXANONE,METHYL N-BUTYL KETONE,OC,591-78-6,,,,VOC
2270,"2,4-DINITROTOLUENE",,OC,121-14-2,,,,VOC
2271,TEBUTHIURON,,OC,34014-18-1,,,,VOC
2272,TERBACIL,,OC,5902-51-2,,,,VOC
2273,TRANS-NONACHLOR,,OC,39765-80-5,,,,VOC
2274,HEXACHLOROBENZENE,,OC,118-74-1,141.61.c,1/30/1991,12/31/1992,SOC
2275,TRANS-PERMETHRIN,BIOPERMETHRIN,OC,61949-77-7,,,,VOC
2276,4-BROMOPHENYL PHENYL ETHER,,OC,101-55-3,,,,VOC
2277,4-METHYL-2-PENTANONE,,OC,108-10-1,,,,VOC
2278,PHENANTHRENE,,OC,85-01-8,,,,VOC
2280,ANTHRACENE,,OC,120-12-7,,,,VOC
2282,DIMETHYL PHTHALATE,,OC,131-11-3,,,,VOC
2283,LINURON,LOROX,OC,330-55-2,,,,VOC
2284,DIETHYL PHTHALATE,,OC,84-66-2,,,,VOC
2286,FLUORANTHENE,,OC,206-44-0,,,,VOC
2288,PYRENE,,OC,129-00-0,,,,VOC
2289,PROPANIL,"3',4'-DICHLOROPROPIONANILIDE",OC,,,,,VOC
2290,DI-N-BUTYL PHTHALATE,,OC,84-74-2,,,,VOC
2291,DIFLUBENZURON,,OC,,,,,SOC
2292,BENZIDINE,,OC,92-87-5,,,,VOC
2293,ETHYL METHACRYLATE,ETHYL 2-METHYLACRYLATE,OC,97-63-2,,,,VOC
2294,BUTYLBENZYL PHTHALATE,,OC,85-68-7,,,,VOC
2295,METHYL METHACRYLATE,,OC,80-62-6,,,,VOC
2296,CHRYSENE,,OC,218-01-9,,,,VOC
2297,FLUOMETURON,,OC,,,,,VOC
2298,BIS(2-ETHYLHEXYL) PHTHALATE,,OC,117-81-7,,,,VOC
2300,BENZO(A)ANTHRACENE,,OC,56-55-3,,,,VOC
2301,SIDURON,TUPERSAN,OC,,,,,VOC
2302,BENZO(B)FLUORANTHENE,,OC,205-99-2,,,,VOC
2303,THIDIAZURON,DROPP,OC,,,,,VOC
2304,BENZO(K)FLUORANTHENE,,OC,207-08-9,,,,VOC
2306,BENZO(A)PYRENE,POLYCYCLIC AROMATIC HYDROCARBONS (PAHS),OC,50-32-8,141.61.c,1/30/1991,12/31/1992,SOC
2308,"IDENO(1,2,3-CD)PYRENE",,OC,193-39-5,,,,VOC
2310,"DIBENZO(A,H)ANTHRACENE",,OC,53-70-3,,,,VOC
2312,"BENZO(G,H,I)PERYLENE",,OC,191-24-2,,,,VOC
2314,N-NITROSODIMETHYLAMINE,,OC,62-75-9,,,,VOC
2315,1-METHYL-NAPHTHALENE,ALPHA-METHYL NAPHTHALENE,OC,,,,,VOC
2316,N-NITROSODI-N-PROPYLAMINE,,OC,621-64-7,,,,VOC
2318,4-CHLOROPHENYL PHENYL ETHER,,OC,7005-72-3,,,,VOC
2320,"3,3-DICHLOROBENZIDINE",,OC,91-94-1,,,,VOC
2324,BIS(CHLOROMETHYL) ETHER,,OC,542-88-1,,,,VOC
2325,PENTANE,N-PENTANE,OC,109-66-0,,,,VOC
2326,PENTACHLOROPHENOL,,OC,,141.61.c,,,SOC
2327,PENTACHLOROETHANE,,OC,76-01-7,,,,VOC
2328,"2,4-DINITROPHENOL",,OC,51-28-5,,,,VOC
2330,P-CHLORO-M-CRESOL,4-CHLORO-M-CRESOL,OC,59-50-7,,,,VOC
2332,"2,4,6-TRICHLOROPHENOL",,OC,88-06-2,,,,VOC
2334,"2,4-DICHLOROPHENOL",,OC,120-83-2,,,,VOC
2336,"2,4-DIMETHYLPHENOL",,OC,105-67-9,,,,DBP
2340,2-NITROPHENOL,,OC,88-75-5,,,,VOC
2342,4-NITROPHENOL,,OC,100-02-7,,,,VOC
2344,2-CHLOROPHENOL,,OC,95-57-8,,,,VOC
2346,"4,6-DINITRO-O-CRESOL",,OC,534-52-1,,,,VOC
2348,.ALPHA.-BHC,,OC,319-84-6,,,,VOC
2350,.BETA.-BHC,,OC,319-85-7,,,,VOC
2354,.DELTA.-BHC,,OC,319-86-8,,,,VOC
2356,ALDRIN,,OC,309-00-2,141.40.n,1/30/1991,,VOC
2365,ORTHO-PARA DDE,,OC,3424-82-6,,,,VOC
2367,ORTHO-PARA DDD,,OC,53-19-0,,,,VOC
2369,ORTHO-PARA DDT,,OC,789-02-6,,,,VOC
2370,KELTHANE,DICOFAL,OC,115-32-2,,,,VOC
2371,TEDION,,OC,116-29-0,,,,VOC
2372,ENDRIN ALDEHYDE,,OC,7421-93-4,,,,VOC
2374,KEROSENE,,OC,8008-20-6,,,,VOC
2376,N-HEXANE,CYCLOHEXANE = 110-54-3,OC,110-54-3,,,,VOC
2377,"1,3,5-TRICHLOROBENZENE",,OC,108-70-3,,,,VOC
2378,"1,2,4-TRICHLOROBENZENE",,OC,120-82-1,141.61.a,1/1/1988,12/31/1992,VOC
2380,"CIS-1,2-DICHLOROETHYLENE",,OC,156-59-2,141.61.a,1/1/1988,12/31/1992,VOC
2383,TOTAL POLYCHLORINATED BIPHENYLS (PCB),DECACHLOROBIPHENYL,OC,1336-36-3,141.61.c,,,SOC
2384,DECACHLOROBIPHENYL,,OC,2051-24-3,,,,VOC
2388,AROCLOR 1016,,OC,12674-11-2,,,,VOC
2390,AROCLOR 1221,,OC,11104-28-2,,,,VOC
2392,AROCLOR 1232,,OC,11141-16-5,,,,VOC
2394,AROCLOR 1242,,OC,53469-21-9,,,,VOC
2396,AROCLOR 1248,,OC,12672-29-6,,,,VOC
2398,AROCLOR 1254,,OC,11097-69-1,,,,VOC
2399,PCB 1262,,OC,37324-23-5,,,,VOC
2400,AROCLOR 1260,,OC,11096-82-5,,,,VOC
2401,"DICHLOROBENZENES, TOTAL",,OC,25321-22-6,,,,VOC
2402,ALLYL CHLORIDE,3-CHLORO-1-PROPENE,OC,107-05-1,,,,VOC
2408,DIBROMOMETHANE,METHYLENE DIBROMIDE,OC,74-95-3,141.40.e,1/1/1988,,VOC
2410,"1,1-DICHLOROPROPENE","1,1-DICHLOROPROPYLENE",OC,563-58-6,141.40.e,1/1/1988,,VOC
2412,"1,3-DICHLOROPROPANE",,OC,142-28-9,141.40.e,1/1/1988,,VOC
2413,"1,3-DICHLOROPROPENE","ALPHA,GAMMA-DICHLOROPROPYLENE",OC,542-75-6,141.40.e,1/1/1988,,VOC
2414,"1,2,3-TRICHLOROPROPANE",GLYCEROL TRICHLOROHYDRIN,OC,96-18-4,141.40.e,1/1/1988,,VOC
2416,"2,2-DICHLOROPROPANE",,OC,594-20-7,141.40.e,1/1/1988,,VOC
2418,"1,2,4-TRIMETHYLBENZENE",ASYMMETRICAL TRIMETHYLBENZENE,OC,95-63-6,141.40.j,1/1/1988,,VOC
2419,"1,2,3-TRIMETHYLBENZENE",,OC,526-73-8,,,,VOC
2420,"1,2,3-TRICHLOROBENZENE",,OC,87-61-6,141.40.j,1/1/1988,,VOC
2422,N-BUTYLBENZENE,,OC,104-51-8,141.40.j,1/1/1988,,VOC
2424,"1,3,5-TRIMETHYLBENZENE",SYM-TRIMETHYLBENZENE,OC,108-67-8,141.40.j,1/1/1988,,VOC
2426,TERT-BUTYLBENZENE,"(1,1-DIMETHYLETHYL)BENZENE",OC,98-06-6,141.40.j,1/1/1988,,VOC
2428,SEC-BUTYLBENZENE,"2-PHENYLBUTANE, (1-METHYLPROPYL)BENZENE",OC,135-98-8,141.40.j,1/1/1988,,VOC
2430,BROMOCHLOROMETHANE,MONO-CHLORO-MONO-BROMO-METHANE,OC,74-97-5,141.40.j,1/1/1988,,VOC
2440,DICAMBA,,OC,1918-00-9,141.40.n,1/30/1991,,VOC
2441,METHANE,,OC,74-82-8,,,,VOC
2442,METHYL ACETATE,,OC,79-20-9,,,,VOC
2443,METHYL ALCOHOL,,OC,67-56-1,,,,VOC
2444,METHYL CELLOSOLVE,,OC,109-86-4,,,,VOC
2445,PROPYL ACETATE,,OC,109-60-4,,,,VOC
2446,N-PROPYL ALCOHOL,,OC,71-23-8,,,,VOC
2447,VINYL ACETATE,,OC,108-05-4,,,,VOC
2449,ETHANOIC ACID,,OC,64-19-7,,,,VOC
2450,MONOCHLOROACETIC ACID,,OC,79-11-8,,,,DBP
2451,DICHLOROACETIC ACID,,OC,79-43-6,,,,DBP
2452,TRICHLOROACETIC ACID,,OC,76-03-9,,,,DBP
2453,MONOBROMOACETIC ACID,,OC,79-08-3,,,,DBP
2454,DIBROMOACETIC ACID,,OC,631-64-1,,,,DBP
2455,BROMOCHLOROACETIC ACID,,OC,5589-96-8,,,,DBP
2456,TOTAL HALOACETIC ACIDS (HAA5),,OC,,141.64.a,,,DBP
2458,METHYL IODINE,IODOMETHANE,OC,,,,,DBP
2460,CHLORAL HYDRATE,,OC,302-17-0,,,,DBP
2461,DICHLOROACETONITRILE,,OC,3018-12-0,,,,DBP
2462,BROMOCHLOROACETONITRILE,,OC,83463-62-1,,,,DBP
2463,"1,1-DICHLOROPROPANONE",,OC,513-88-2,,,,DBP
2464,"1,1,1-TRICHLOROPROPANONE",,OC,918-00-3,,,,DBP
2465,CHLOROPICRIN,,OC,76-06-2,,,,DBP
2466,CHLOROACETONITRILE,,OC,107-14-2,,,,DBP
2467,METHACRYLONITRILE,2-METHYL-2-PROPENENITRILE,OC,,,,,DBP
2468,PROPIONITRILE,CYANOETHANE,OC,107-12-0,,,,DBP
2469,2-NITROPROPANE,"PROPANE, 2-NITRO-",OC,79-46-9,,,,VOC
2470,ACETALDEHYDE,,OC,75-07-0,,,,VOC
2471,PROPANAL,,OC,123-38-6,,,,VOC
2472,BUTANAL,,OC,123-72-8,,,,VOC
2473,PENTANAL,,OC,110-62-3,,,,VOC
2474,GLYOXAL,,OC,107-22-2,,,,VOC
2475,METHYL GLOYOXAL,,OC,78-98-8,,,,VOC
2476,HEXANAL,,OC,66-25-1,,,,VOC
2477,HEPTANAL,,OC,111-71-7,,,,VOC
2478,OCTANAL,,OC,124-13-0,,,,VOC
2479,BENZALDEHYDE,,OC,100-52-7,,,,VOC
2480,NONANAL,,OC,124-19-6,,,,VOC
2481,DECANAL,,OC,112-31-2,,,,VOC
2485,AOC/BDOC,,OC,,,,,DBP
2520,VINYL 2-CHLOROETHYL ETHER,,OC,110-75-8,,,,VOC
2545,TERBUFOS,TERBUFOS,OC,13071-79-9,,,,VOC
2570,FONOFOS,,OC,944-22-9,,,,VOC
2590,MOCAP,,OC,13194-48-4,,,,VOC
2595,METRIBUZIN,,OC,21087-64-9,141.40.n,1/30/1991,,VOC
2605,THIMET,,OC,298-02-2,,,,VOC
2615,PROWL,,OC,40487-42-1,,,,VOC
2620,AMIBEN,,OC,133-90-4,,,,VOC
2625,BENTAZON,,OC,25057-89-0,,,,VOC
2626,MOLINATE,,OC,2212-67-1,,,,VOC
2635,BOLSTAR,,OC,35400-43-2,,,,VOC
2650,"DICHLOROETHYLENE, TOTAL",,OC,25323-30-2,,,,VOC
2655,"1,3-DICHLOROPROPYLENE, TOTAL",,OC,542-75-6,,,,VOC
2727,THIOBENCARB (BOLERO),,OC,,,,,VOC
2904,TRICHLOROTRIFLUOROETHANE,,OC,26523-64-8,,,,VOC
2905,FOAMING AGENTS (SURFACTANTS),,WQ,,,,,WQP
2910,PHENOLS,,OC,,,,,VOC
2919,"CARBON, DISSOLVED ORGANIC (DOC)",,OC,,,,,DBP
2920,"CARBON, TOTAL",,WQ,7440-44-0,,,,WQP
2921,TOTAL ORGANIC HALIDE (TOX),,OC,,,,,DBP
2922,UV ABSORBANCE @254 NM,,WQ,,,,,WQP
2923,SUVA (SPECFIC ULTRAVIOLET ABSORBANCE),,OC,,,,,DBP
2930,KEPONE,,OC,143-50-0,,,,VOC
2931,"1,2-DIBROMO-3-CHLOROPROPANE","1,2-DIBROMO-3-CHLOROPROPANE",OC,96-12-8,141.61.c,1/1/1988,12/31/1992,SOC
2932,MIREX,,OC,2385-85-5,,,,VOC
2933,DICHLORAN,,OC,99-30-9,,,,VOC
2934,PENTACHLORONITROBENZENE,,OC,82-68-8,,,,VOC
2940,HMPA,,OC,306-08-1,,,,VOC
2941,CHLOROFORM,TRICHLOROMETHANE,OC,67-66-3,141.40.e,1/1/1988,,DBP
2942,BROMOFORM,TRIBROMOMETHANE,OC,75-25-2,141.40.e,1/1/1988,,DBP
2943,BROMODICHLOROMETHANE,DICHLOROMONOBROMOMETHANE,OC,75-27-4,141.40.e,1/1/1988,,DBP
2944,DIBROMOCHLOROMETHANE,DIBROMOCHLOROMETHANE,OC,124-48-1,141.40.e,1/1/1988,,DBP
2946,ETHYLENE DIBROMIDE,"1,2-DIBROMOMETHANE",OC,106-93-4,141.61.c,1/1/1988,12/31/1992,SOC
2949,MAXIMUM TOTAL TRIHALOMETHANE POTENTIAL,,OC,,,,,DBP
2950,TTHM,,OC,,141.12,,,DBP
2951,SIMULATED DISTRIBUTION SYSTEM (SDS) TEST,,OC,,,,,DBP
2952,CHLORAL HYDRATE,,OC,,,,,DBP
2953,CHLOROPICRIN,,OC,,,,,DBP
2954,DICHLOROACETONITRILE,,OC,,,,,DBP
2955,"XYLENES, TOTAL",,OC,1330-20-7,141.61.a,,,VOC
2956,"1,1,1-TRICHLORO-2-PROPANONE",,OC,,,,,VOC
2957,"1,1-DICHLORO-2-PROPANONE",,OC,,,,,VOC
2959,CHLORDANE,,OC,57-74-9,141.61.c,,,SOC
2960,ETHYLENE GLYCOL,,OC,107-21-1,,,,VOC
2961,FORMALDEHYDE,,OC,50-00-0,,,,VOC
2962,P-XYLENE,,OC,106-42-3,,1/1/1988,12/31/1992,VOC
2963,"XYLENE, META AND PARA",META AND PARA XYLENE,OC,,,,,VOC
2964,DICHLOROMETHANE,METHYLENE CHLORIDE,OC,75-09-2,141.61.a,1/1/1988,12/31/1992,VOC
2965,O-CHLOROTOLUENE,1-CHLORO-2-METHYLBENZENE,OC,95-49-8,141.40.e,1/1/1988,,VOC
2966,P-CHLOROTOLUENE,1-CHLORO-4-METHYLBENZENE,OC,106-43-4,141.40.e,1/1/1988,,VOC
2967,M-DICHLOROBENZENE,"1,3-DICHLOROBENZENE",OC,541-73-1,141.40.e,1/1/1988,,VOC
2968,O-DICHLOROBENZENE,,OC,95-50-1,141.61.a,1/1/1988,12/31/1992,VOC
2969,P-DICHLOROBENZENE,,OC,106-46-7,141.61.a,,,VOC
2970,"TRANS-1,4-DICHLORO-2-BUTENE",,OC,110-57-6,,,,VOC
2975,DICHLOROIODOMETHANE,,OC,594-04-7,,,,VOC
2976,VINYL CHLORIDE,,OC,75-01-4,141.61.a,,,VOC
2977,"1,1-DICHLOROETHYLENE",,OC,75-35-4,141.61.a,,,VOC
2978,"1,1-DICHLOROETHANE",ETHYLIDENE CHLORIDE,OC,75-34-3,141.40.e,1/1/1988,,VOC
2979,"TRANS-1,2-DICHLOROETHYLENE",,OC,156-60-5,141.61.a,1/1/1988,12/31/1992,VOC
2980,"1,2-DICHLOROETHANE",,OC,107-06-2,141.61.a,,,VOC
2981,"1,1,1-TRICHLOROETHANE",,OC,71-55-6,141.61.a,,,VOC
2982,CARBON TETRACHLORIDE,,OC,56-23-5,141.61.a,,,VOC
2983,"1,2-DICHLOROPROPANE",,OC,78-87-5,141.61.a,1/1/1988,12/31/1992,VOC
2984,TRICHLOROETHYLENE,,OC,79-01-6,141.61.a,,,VOC
2985,"1,1,2-TRICHLOROETHANE",,OC,79-00-5,141.61.a,1/1/1988,12/31/1992,VOC
2986,"1,1,1,2-TETRACHLOROETHANE",,OC,630-20-6,141.40.e,1/1/1988,,VOC
2987,TETRACHLOROETHYLENE,,OC,127-18-4,141.61.a,1/1/1988,12/31/1992,VOC
2988,"1,1,2,2-TETRACHLOROETHANE",TETRACHLOROETHANE,OC,79-34-5,141.40.e,1/1/1988,,VOC
2989,CHLOROBENZENE,,OC,108-90-7,141.61.a,1/1/1988,12/31/1992,VOC
2990,BENZENE,,OC,71-43-2,141.61.a,,,VOC
2991,TOLUENE,,OC,108-88-3,141.61.a,1/1/1988,12/31/1992,VOC
2992,ETHYLBENZENE,,OC,100-41-4,141.61.a,1/1/1988,12/31/1992,VOC
2993,BROMOBENZENE,MONOBROMOBENZENE,OC,108-86-1,141.40.e,1/1/1988,,VOC
2994,ISOPROPYLBENZENE,(1-METHYLETHYL)BENZENE,OC,98-82-8,141.40.j,1/1/1988,,VOC
2995,M-XYLENE,,OC,108-38-3,,1/1/1988,12/31/1992,VOC
2996,STYRENE,,OC,100-42-5,141.61.a,1/1/1988,12/31/1992,VOC
2997,O-XYLENE,,OC,95-47-6,,1/1/1988,12/31/1992,VOC
2998,N-PROPYLBENZENE,1-PHENYLPROPANE,OC,103-65-1,141.40.j,1/1/1988,,VOC
2999,NOTE:  (RESERVED BY MSIS),,OT,,,,,
2A01,GASOLINE,,OC,86290-81-5,,,,
2A02,#2 FUEL OIL,,OC,68476-30-2,,,,
2A03,JET FUEL,,OC,8008-20-6,,,,
2A04,#4 FUEL OIL,,OC,68476-31-3,,,,
2A05,#5 FUEL OIL,,OC,70892-11-4,,,,
2A06,MOTOR OIL,,OC,,,,,
2A07,SUBMERSIBLE PUMP OIL,,OC,,,,,
2A08,VARSOL,,OC,8052-41-3,,,,
2A09,PROPANE,,OC,74-98-6,,,,
2U15,15 UNREGULATED PHASE I VOCS,,GC,,,,,
2U34,34 UNREGULATED PHASE I VOCS,,GC,,,,,
2U36,36 UNREGULATED PHASE I VOCS,,GC,,,,,
2V07,7 REGULATED PHASE I VOCS,,GC,,,,,
2V08,8 REGULATED PHASE I VOCS,,GC,,,,,
3000,COLIFORM (PRE-TCR),,MOR,,,,,TC
3001,HETEROTROPHIC BACTERIA (HPC OR SPC),,MOR,,,,,MOR
3002,ENTEROCOCCI,,MOR,,,,,MOR
3003,FECAL STREPTOCOCCUS,,MOR,,,,,MOR
3004,STAPHYLOCOCCUS,,MOR,,,,,MOR
3005,NON-COLIFORM GROWTH IDENTIFICATION,,MOR,,,,,MOR
3006,IRON BACTERIA ID,,MOR,,,,,MOR
3007,SALMONELLA-SHIGELLA,,MOR,,,,,MOR
3008,GIARDIA LAMBLIA,,MOR,,,,,MOR
3009,FUNGUS /ML,,MOR,,,,,MOR
3010,VIRUS PFU/GAL,,MOR,,,,,MOR
3011,ACTINOMYCETES /ML,,MOR,,,,,MOR
3012,LEGIONELLA,,MOR,,,,,MOR
3013,FECAL COLIFORM,,MOR,,141.21,,,TC
3014,E. COLI,,MOR,68583-22-2,141.21,,,TC
3015,CRYPTOSPORIDIUM,,MOR,,,,,MOR
3016,SHIGELLA,,MOR,,,,,MOR
3017,PSEUDOMONAS,,MOR,,,,,MOR
3018,CLOSTRIDIUM,,MOR,,,,,MOR
3019,CAMPYLOBACTER JEJUNI,,MOR,,,,,MOR
3020,VIBRIO CHOLERAE,,MOR,,,,,MOR
3021,LEPTOSPIRES,,MOR,,,,,MOR
3022,YERSINIA ENTEROCOLITICA,,MOR,,,,,MOR
3023,ENTEROBACTER,,MOR,,,,,MOR
3024,KLEBSIELLA,,MOR,,,,,MOR
3025,CITROBACTER,,MOR,,,,,MOR
3026,AEROMONAS,,MOR,,,,,MOR
3027,ERWINIA,,MOR,,,,,MOR
3028,COLIPHAGE,,MOR,,,,,MOR
3100,COLIFORM (TCR),,MOR,,141.21,,,TC
3200,AEROMONAS HYDROPHILA,,MOR,,,,,MOR
3201,AEROMONAS SPP.,,MOR,,,,,MOR
3210,HELICOBACTER PYLORI,,MOR,,,,,MOR
3300,CYANOBACTERIA,,MOR,,,,,MOR
3310,ALGAE TOXINS,,MOR,,,,,MOR
3400,ECHOVIRUSES,,MOR,,,,,MOR
3410,COXSACKIEVIRUSES,,MOR,,,,,MOR
3420,CALICIVIRUSES,,MOR,,,,,MOR
3430,ADENOVIRUSES,,MOR,,,,,MOR
3500,MICROSPORIDIA,,MOR,,,,,MOR
4000,"GROSS ALPHA, EXCL. RADON & U",,RA,,141.66,,,RAD
4002,"GROSS ALPHA, INCL. RADON & U",,RA,12587-46-1,,,,RAD
4004,RADON,,RA,10043-92-2,,,,RAD
4006,COMBINED URANIUM,,RA,7440-61-1,141.66,,,RAD
4007,URANIUM-234,,RA,13966-29-5,,,,RAD
4008,URANIUM-235,,RA,15117-96-1,,,,RAD
4009,URANIUM-238,,RA,7440-61-1,,,,RAD
4010,COMBINED RADIUM (-226 & -228),,RA,,141.66,,,RAD
4012,PHOTON EMITTERS,,RA,,,,,RAD
4020,RADIUM-226,,RA,13982-63-3,141.15,,,RAD
4030,RADIUM-228,,RA,15262-20-1,141.15,,,RAD
4040,"ALPHA, DISSOLVED",,RA,12587-46-1,,,,RAD
4041,"ALPHA, SUSPENDED",,RA,12587-46-1,,,,RAD
4042,"BETA, DISSOLVED",,RA,12587-47-2,,,,RAD
4043,"BETA, SUSPENDED",,RA,12587-47-2,,,,RAD
4044,"POTASSIUM-40, TOTAL",,RA,13966-00-2,,,,RAD
4100,GROSS BETA PARTICLE ACTIVITY,,RA,12587-47-2,141.66,,,RAD
4101,MAN-MADE BETA PARTICLE & PHOTON EMITTERS,,RA,,,,,RAD
4102,TRITIUM,,RA,10028-17-8,141.26,,,RAD
4104,4-BERYLLIUM-7,,RA,13966-02-4,,,,RAD
4106,4-BERYLLIUM-10,,RA,14390-89-7,,,,RAD
4108,6-CARBON-14,,RA,14762-75-5,,,,RAD
4109,GROSS ALPHA PARTICLE ACTIVITY,,RA,12587-46-1,,,,RAD
4110,11-SODIUM-22,,RA,13966-32-0,,,,RAD
4112,15-PHOSPHORUS-32,,RA,14596-37-3,,,,RAD
4114,16-SULFUR-35,,RA,15117-53-0,,,,RAD
4116,17-CHLORINE-36,,RA,13981-43-6,,,,RAD
4118,20-CALCIUM-45,,RA,13966-05-7,,,,RAD
4120,20-CALCIUM-47,,RA,14391-99-2,,,,RAD
4122,21-SCANDIUM-46,,RA,13967-63-0,,,,RAD
4124,21-SCANDIUM-47,,RA,14391-96-9,,,,RAD
4126,21-SCANDIUM-48,,RA,14391-86-7,,,,RAD
4128,23-VANADIUM-48,,RA,14331-97-6,,,,RAD
4130,24-CHROMIUM-51,,RA,14392-02-0,,,,RAD
4132,25-MANGANESE-54,,RA,13966-31-9,,,,RAD
4134,26-IRON-55,,RA,14681-59-5,,,,RAD
4136,26-IRON-59,,RA,14596-12-4,,,,RAD
4138,27-COBALT-57,,RA,13981-50-5,,,,RAD
4140,27-COBALT-58,,RA,13981-38-9,,,,RAD
4142,27-COBALT-60,,RA,10198-40-0,,,,RAD
4144,28-NICKEL-59,,RA,14336-70-0,,,,RAD
4146,28-NICKEL-63,,RA,13981-37-8,,,,RAD
4148,30-ZINC-65,,RA,13982-39-3,,,,RAD
4150,32-GERANIUM-71,,RA,14374-81-3,,,,RAD
4152,33-ARSENIC-73,,RA,15422-59-0,,,,RAD
4154,33-ARSENIC-74,,RA,14304-78-0,,,,RAD
4156,33-ARSENIC-76,,RA,15575-20-9,,,,RAD
4158,33-ARSENIC-77,,RA,14687-61-7,,,,RAD
4160,34-SELENIUM-75,,RA,14265-71-5,,,,RAD
4162,34-SELENIUM-79,,RA,15758-45-9,,,,RAD
4164,35-BROMIDE-82,,RA,14686-69-2,,,,RAD
4166,37-RUBIDIUM-86,,RA,14932-53-7,,,,RAD
4168,37-RUBIDIUM-87,,RA,13982-13-3,,,,RAD
4170,38-STRONTIUM-85,,RA,13967-73-2,,,,RAD
4172,38-STRONTIUM-89,,RA,14158-27-1,,,,RAD
4174,38-STRONTIUM-90,,RA,10098-97-2,141.26,,,RAD
4176,39-YTTRIUM-90,,RA,10098-91-6,,,,RAD
4178,39-YTTRIUM-91,,RA,14234-24-3,,,,RAD
4180,39-YTTRIUM-91M,,RA,378784-98-6,,,,RAD
4182,40-ZIRCONIUM-93,,RA,15751-77-6,,,,RAD
4184,40-ZIRCONIUM-95,,RA,13967-71-0,,,,RAD
4186,41-NIOBIUM-93,,RA,7440-03-1,,,,RAD
4188,41-NIOBIUM-95,,RA,13967-76-5,,,,RAD
4190,42-MOLYBDENUM-93,,RA,14119-13-2,,,,RAD
4192,42-MOLYBDENUM-99,,RA,14119-15-4,,,,RAD
4194,43-TECHNETIUM-96,,RA,14808-44-7,,,,RAD
4196,43-TECHNETIUM-97M,,RA,15759-35-0,,,,RAD
4198,43-TECHNETIUM-97,,RA,15759-35-0,,,,RAD
4200,43-TECHNETIUM-99,,RA,14133-76-7,,,,RAD
4202,43-TECHNETIUM-99M,,RA,14133-76-7,,,,RAD
4204,44-RUTHENIUM-97,,RA,15758-35-7,,,,RAD
4206,44-RUTHENIUM-103,,RA,13968-53-1,,,,RAD
4208,44-RUTHENIUM-106,,RA,13967-48-1,,,,RAD
4210,45-RHODIUM-105,,RA,14913-89-4,,,,RAD
4212,46-PALLADIUM-103,,RA,14967-68-1,,,,RAD
4214,46-PALLADIUM-107,,RA,17637-99-9,,,,RAD
4216,47-SILVER-105M,,RA,454467-21-1,,,,RAD
4218,47-SILVER-110M,,RA,14391-76-5,,,,RAD
4220,47-SILVER-110,,RA,14391-76-5,,,,RAD
4222,47-SILVER-111,,RA,15760-04-0,,,,RAD
4224,48-CADMIUM-109,,RA,14109-32-1,,,,RAD
4226,48-CADMIUM-113M,,RA,378253-44-2,,,,RAD
4228,48-Cadmium-115M,,RA,14336-68-6,,,,RAD
4230,48-CADMIUM-115,,RA,14336-68-6,,,,RAD
4232,49-INDIUM-115,,RA,14191-71-0,,,,RAD
4234,50-TIN-113,,RA,13966-06-8,,,,RAD
4236,50-TIN-123,,RA,14683-07-9,,,,RAD
4238,50-TIN-125,,RA,14683-08-0,,,,RAD
4240,51-ANTIMONY-122,,RA,14374-79-9,,,,RAD
4242,51-ANTIMONY-124,,RA,14683-10-4,,,,RAD
4244,51-ANTIMONY-125,,RA,14234-35-6,,,,RAD
4246,51-ANTIMONY-127,,RA,13968-50-8,,,,RAD
4248,52-TELLURIUM-125M,,RA,378784-50-0,,,,RAD
4250,52-TELLURIUM-127M,,RA,378784-51-1,,,,RAD
4252,52-TELLURIUM-127,,RA,13981-49-2,,,,RAD
4254,52-TELLURIUM-129M,,RA,14269-71-7,,,,RAD
4256,52-TELLURIUM-129,,RA,14269-71-7,,,,RAD
4258,52-TELLURIUM-132,,RA,14234-28-7,,,,RAD
4260,53-IODINE-126,,RA,14158-32-8,,,,RAD
4262,53-IODINE-129,,RA,15046-84-1,,,,RAD
4264,53-IODINE-131,,RA,10043-66-0,141.26,,,RAD
4266,55-CESIUM-131,,RA,14914-76-2,,,,RAD
4270,55-CESIUM-134,,RA,13967-70-9,,,,RAD
4272,55-CESIUM-135,,RA,15726-30-4,,,,RAD
4274,55-CESIUM-136,,RA,14234-29-8,,,,RAD
4276,55-CESIUM-137,,RA,10045-97-3,,,,RAD
4278,56-BARIUM-140,,RA,14798-08-4,,,,RAD
4280,57-LANTHANUM-140,,RA,13981-28-7,,,,RAD
4282,58-CERIUM-141,,RA,13967-74-3,,,,RAD
4284,58-CERIUM-143,,RA,14119-19-8,,,,RAD
4286,58-CERIUM-144,,RA,14762-78-8,,,,RAD
4288,59-PRASEODYMIUM-143,,RA,14981-79-4,,,,RAD
4290,60-NEODYMIUM-147,,RA,14269-74-0,,,,RAD
4292,61-PROMETHIUM-147,,RA,14380-75-7,,,,RAD
4294,61-PROMETHIUM-148,,RA,14683-19-3,,,,RAD
4296,61-PROMETHIUM-148M,,RA,378783-40-5,,,,RAD
4298,61-PROMETHIUM-149,,RA,15765-31-8,,,,RAD
4300,62-SAMARIUM-151,,RA,15715-94-3,,,,RAD
4302,62-SAMARIUM-153,,RA,15766-00-4,,,,RAD
4304,63-EUROPIUM-152,,RA,14683-23-9,,,,RAD
4306,63-EUROPIUM-154,,RA,15585-10-1,,,,RAD
4308,63-EUROPIUM-155,,RA,14391-16-3,,,,RAD
4310,63-EUROPIUM-156,,RA,14280-35-4,,,,RAD
4312,64-GADOLIUM-153,,RA,14276-65-4,,,,RAD
4314,65-TERBIUM-160,,RA,13981-29-8,,,,RAD
4316,66-DYSPROSIUM-166,,RA,15840-01-4,,,,RAD
4318,67-HOLMIUM-166,,RA,13967-65-2,,,,RAD
4320,67-Holmium-166M,,RA,13967-65-2,,,,RAD
4322,68-ERBIUM-169,,RA,15840-13-8,,,,RAD
4324,69-THULIUM-170,,RA,13981-30-1,,,,RAD
4326,69-THULIUM-171,,RA,14333-45-0,,,,RAD
4328,70-YTTERBIUM-175,,RA,14041-44-2,,,,RAD
4330,71-LUTETIUM-177,,RA,14265-75-9,,,,RAD
4332,72-HAFNIUM-181,,RA,14900-21-1,,,,RAD
4334,73-TANTALUM-182,,RA,13982-00-8,,,,RAD
4336,74-TUNGSTEN-181,,RA,15749-46-9,,,,RAD
4338,74-TUNGSTEN-185,,RA,14932-41-3,,,,RAD
4340,74-TUNGSTEN-187,,RA,14983-48-3,,,,RAD
4342,75-RHENIUM-183,,RA,14484-13-0,,,,RAD
4344,75-RHENIUM-186,,RA,14998-63-1,,,,RAD
4346,75-RHENIUM-187,,RA,14391-29-8,,,,RAD
4348,76-OSMIUM-185,,RA,15766-50-4,,,,RAD
4350,76-OSMIUM-191,,RA,14119-24-5,,,,RAD
4352,76-OSMIUM-193,,RA,16057-77-5,,,,RAD
4354,77-IRIDIUM-190,,RA,14981-91-0,,,,RAD
4356,77-IRIDIUM-192,,RA,14694-69-0,,,,RAD
4358,78-PLATINUM-191,,RA,15706-36-2,,,,RAD
4360,78-Platinum-193,,RA,15735-70-3,,,,RAD
4362,78-Platinum-193M,,RA,15735-70-3,,,,RAD
4364,79-GOLD-196,,RA,14914-16-0,,,,RAD
4366,79-GOLD-198,,RA,10043-49-9,,,,RAD
4368,81-THALLIUM-204,,RA,13968-51-9,,,,RAD
4370,82-LEAD-203,,RA,14687-25-3,,,,RAD
4372,82-LEAD-210,,RA,14255-04-0,,,,RAD
4374,83-BISMUTH-206,,RA,15776-19-9,,,,RAD
4376,83-BISMUTH-207,,RA,13982-38-2,,,,RAD
4378,83-BISMUTH-210,,RA,14331-79-4,,,,RAD
4380,84-POLONIUM-210,,RA,13981-52-7,,,,RAD
4382,91-PROTACTINIUM-233,,RA,13981-14-4,,,,RAD
4550,CYCLOATE,,OC,1134-23-2,,,,SOC
4999,NOTE:  (RESERVED BY MSIS),,OT,,,,,
5000,LEAD & COPPER RULE,,RL,,,,,
6440,NAPROPAMIDE,,OC,15299-99-7,,,,SOC
6650,PRONAMIDE,,OC,23950-58-5,,,,SOC
7000,CONSUMER CONFIDENCE RULE,,RL,,,,,
7035,AMETRYN,,OC,834-12-8,,,,SOC
7060,ATRATON,,OC,1610-17-9,,,,SOC
7230,CARBOXIN,,OC,5234-68-4,,,,SOC
7240,ALPHA-CHLORDANE,,OC,5103-71-9,,,,SOC
7245,GAMMA-CHLORDANE,,OC,5103-74-2,,,,SOC
7260,CHLOROBENZILATE,,OC,510-15-6,,,,SOC
7265,CHLORONEB,,OC,2675-77-6,,,,SOC
7275,CHLOROPROPHAM,,OC,101-21-3,,,,SOC
7500,PUBLIC NOTICE,,RL,,,,,
7570,ETHOPROPHOS,,OC,13194-48-4,,,,SOC
7575,ETRIDIAZOLE,,OC,2593-15-9,,,,SOC
7585,FERNAMIPHOS,,OC,22224-92-6,,,,SOC
7590,FENARIMOL,,OC,60168-88-9,,,,SOC
7635,FLURIDONE,,OC,59756-60-4,,,,SOC
7705,HEXAZINONE,,OC,51235-04-2,,,,SOC
7785,MERPHOS,,OC,150-50-5,,,,SOC
7820,METHYL PARAXON,,OC,950-35-6,,,,SOC
7850,MEVINPHOS,,OC,7786-34-7,,,,SOC
7930,NORFLURAZON,,OC,27314-13-2,,,,SOC
8040,PROMETRYN,,OC,7287-19-6,,,,SOC
8130,SIMETRYN,,OC,1014-70-6,,,,SOC
8140,STIROFOS,,OC,22248-79-9,,,,SOC
8195,TERBUTRYN,,OC,886-50-0,,,,SOC
8255,TRIADIMEFON,,OC,43121-43-3,,,,SOC
8285,TRICYCLAZOLE,,OC,41814-78-2,,,,SOC
8320,VERNOLATE,,OC,1929-77-7,,,,SOC
8610,DICHLOROVOS,,OC,62-73-7,,,,SOC
8915,2-CHLOROBIPHENYL,,OC,2051-60-7,,,,SOC
8920,"2,3-DICHLOROBIPHENYL",,OC,16605-91-7,,,,SOC
8940,"2,4,5-TRICHLOROBIPHENYL",,OC,15862-07-4,,,,SOC
8947,"2,2,4,4-TETRACHLOROBIPHENYL",,OC,2437-79-8,,,,SOC
8977,"2,2,3,4,6-PENTACHLOROBIPHENYL",,OC,68194-05-8,,,,SOC
9042,"2,2,4,4,5,6-HEXACHLOROBIPHENYL",,OC,60145-22-4,,,,SOC
9067,"2,2,3,3,4,4,6-HEPTACHLOROBIPHENYL",,OC,52663-71-5,,,,SOC
9092,"2,2,3,3,4,5,6,6-OCTACHLORPBIPHENYL",,OC,40186-71-8,,,,SOC
9339,CHLORODIBROMOACETIC ACID,,OC,5278-95-5,,,,DBP
9535,BROMODICHLOROACETIC ACID,,OC,71133-14-7,,,,DBP
9537,PEBULATE,,OC,1114-71-2,,,,SOC
9639,TRIBROMOACETIC ACID,,OC,75-96-7,,,,DBP
9999,BENEZENE 2,,OC,,,,,
CU90,COPPER SUMMARY,,IOC,7440-50-8,141.80.c.2,,,LC
PB90,LEAD SUMMARY,,IOC,7439-92-1,141.80.c.1,7/1/1992,,LC
